season,matches,gravity,gravity_lo,gravity_hi,gravity_rank,gravity_of,actions,minutes,npxg90,xa90,kp90,xgchain90,xgbuildup90,goals_np,assists,xa90_rank,npxg90_rank,players_ranked,crowd_kp,crowd_lo,crowd_hi,decoy,decoy_lo,decoy_hi,cae,cae_lo,cae_hi,cae_rank,cae_of
2004/2005,7,0.04251856187452706,-0.02878743472623637,0.10059517216290696,,10,108,92,0.563432536551724,0.19138607477313974,0.9800362976406533,1.4360747808348457,0.2039797666061706,1,0,,,11,0.0,0.0,0.0,,,,-0.05885608113143727,-0.1425634451604841,0.04284883305538328,,5.0
2005/2006,17,0.16424423059733126,0.11242323395977386,0.21593574750268518,1.0,18,1344,948,0.45679979613270527,0.15381014429605677,1.233569972587334,0.9170559538627256,0.2633470595153581,6,1,5.0,2.0,11,-0.002040980366103517,-0.027129187345512062,0.02737491876387771,-0.2474720361738727,-0.4826607302148829,-0.04675651251878918,0.005470024175155376,-0.03188732613355158,0.034341198767576124,10.0,11.0
2006/2007,26,0.10442684034046708,0.06810814384656363,0.1396662705954406,1.0,20,3347,2085,0.3505742310102627,0.21098358655024138,1.5969180600402828,1.1068281127810995,0.4661850869418778,14,2,4.0,2.0,13,-0.01341456885542193,-0.033171309198966964,0.009414284210129013,-0.2426102818499209,-0.35829890342401993,-0.11992834371670434,0.01796915804067882,0.00160680710526952,0.03149094236598497,4.0,15.0
2007/2008,27,0.11357268806122682,0.08196470225836436,0.14345798216026595,1.0,21,3469,2009,0.2308010548058736,0.2392307077152813,1.702339472374316,1.0210318264330518,0.45494862760527627,4,12,3.0,4.0,14,-0.005945687694953493,-0.024823103882276865,0.023096471393451636,-0.15576543921771163,-0.27197156831358643,-0.03630673160691185,0.00747374009846214,-0.006668609524779957,0.024665068075135053,8.0,17.0
2008/2009,31,0.08412992077438482,0.047866005519391124,0.12140085016370074,1.0,19,4810,2640,0.4701979244341207,0.307258170027647,2.317801370987086,1.4983960297737755,0.6584435248112054,20,11,2.0,3.0,14,0.003059745676439742,-0.01683178130584184,0.02426255945894016,-0.2144187224129038,-0.32874586083425894,-0.10429474714158782,0.022202464601464494,0.007358955692741328,0.03663441263011164,6.0,17.0
2009/2010,35,0.09657506202262908,0.06321519195981287,0.12678250308793554,1.0,20,5689,2964,0.6121547880126178,0.2341800125197501,1.7914274629316211,1.2711756603491764,0.39059236239374295,33,10,3.0,1.0,14,0.006454742465529854,-0.010333335365376712,0.026128840884732024,-0.19910993857384163,-0.3038784628569459,-0.09122303292292415,0.014537694070143032,-3.402031120247438e-06,0.030838593878865696,10.0,19.0
2010/2011,33,0.06668050996802112,0.04127995270869422,0.09332934567571573,1.0,20,7441,2988,0.6336724710516953,0.27498901053145375,2.01826366846477,1.3803203730369338,0.4531397456099698,27,18,1.0,1.0,14,0.016393864693421165,0.0018375078846315787,0.030406683766918276,-0.17374290409070242,-0.2869279153584056,-0.05905936950117575,0.0007985686187548304,-0.012784890086273516,0.013810625917438342,15.0,18.0
2011/2012,37,0.0759506486020768,0.05470919313845905,0.10024126655352801,1.0,22,7995,3407,0.7141650408201847,0.2988860197360967,2.377772232904258,1.5078265888999143,0.41089791555562066,40,16,2.0,1.0,15,0.027168666534394564,0.007511911702793799,0.04757809183448241,-0.2746758865584108,-0.3945330885606887,-0.1585317531593148,0.004395447721147301,-0.008897127351235736,0.017840725920429176,15.0,17.0
2012/2013,32,0.0754217884553446,0.04717064735373271,0.1049992492155175,1.0,20,5959,2755,0.6160380256954109,0.14483262011034623,1.5354087768757039,1.20121533164866,0.40681053494815433,42,10,6.0,1.0,15,-0.007114474617577599,-0.018454526834778676,0.00476103094861744,-0.264072048494058,-0.396875946751642,-0.13375623723804456,0.008146372023784293,-0.0053059958248953005,0.02327950954603305,11.0,19.0
2013/2014,31,0.07031394243110135,0.04156947340024956,0.1007624259579022,2.0,21,4936,2613,0.6258485878450358,0.2189780392538741,2.4449971302850586,1.3992737254746515,0.4555728066290416,22,11,3.0,1.0,14,0.044123420075692824,0.014375723427272905,0.07587631494989322,-0.2862525845448879,-0.39961488698569003,-0.17944666473901344,0.016534956583476992,0.005350845358057605,0.028205850066953378,7.0,17.0
2014/2015,38,0.08602000371463651,0.057792540559841864,0.11673306932518118,1.0,22,7991,3509,0.6263567599678881,0.29520241531608654,2.180398267082161,1.6172363668773289,0.5902207974486017,38,17,2.0,1.0,14,0.007997214685250545,-0.008233593875518728,0.02749484389325657,-0.10883323876718257,-0.21980580255905766,0.003394690034272324,0.020897833560631584,0.007730029780367266,0.03444558717700304,6.0,19.0
2015/2016,38,0.06563233360480938,0.03684962999888756,0.09830695076364795,3.0,22,6186,2830,0.5018414698355019,0.36655933719263334,2.3535093557297597,1.5842756836540641,0.6097966393337614,23,15,2.0,2.0,13,0.0019398347972903957,-0.015408764966099393,0.023115839386790113,-0.24331392900333043,-0.3856948001439765,-0.09133909200545011,0.0140572134305394,-0.0018718352402877076,0.030880043194087468,8.0,19.0
2016/2017,34,0.07542232784119109,0.04899393877196803,0.10145896931754557,2.0,25,5680,2945,0.5330892767222746,0.37711165443824507,2.3223966408999854,1.4923229811400338,0.48476928984845563,31,9,1.0,2.0,13,0.020415348700034,0.0016803740849188323,0.04141150022314536,-0.16929612109236278,-0.29315381949752867,-0.047038226451904364,0.005241976694251444,-0.011406864988035604,0.020375420993462515,11.0,19.0
2017/2018,36,0.08828103835230697,0.060823534462620114,0.1192696603477986,1.0,35,6269,3135,0.5931897497143679,0.3752394039816278,2.3539543562508976,1.6179962291000431,0.5127254749734463,32,12,1.0,2.0,12,0.009890423141701632,-0.0076645987614699495,0.0285445366759756,-0.230718179084201,-0.38336118641500616,-0.09255985244862235,0.010901254621207892,-0.0013634556233125508,0.02236767296490933,11.0,19.0
2018/2019,34,0.06006371248898493,0.02886998683762957,0.09062181432483095,6.0,24,6004,2851,0.5352914379999651,0.3568787815041472,2.840660015080047,1.3158048529835693,0.34893878747128676,32,13,1.0,1.0,14,0.007903512741949793,-0.007626139469085144,0.02440225386524942,-0.10826697833855721,-0.23536621231127264,0.003653125495749968,0.0037123149971668838,-0.013083543613776297,0.021469781321407668,14.0,17.0
2019/2020,33,0.09157032514512813,0.06597514984778147,0.11768989666728827,3.0,28,6502,3071,0.3987089799003662,0.38546315400732595,2.52014652014652,1.2014441832556766,0.3926145799267398,20,19,1.0,2.0,13,-0.0031463374608710942,-0.015481481771167448,0.010781671510972278,0.07877333895135598,-0.07620920523438127,0.23990666288522391,0.004404857154749146,-0.011470276957544816,0.02079890582606557,12.0,18.0
2020/2021,35,0.07770731845505177,0.055485362580236945,0.10012074541446034,3.0,29,7314,3214,0.5307007656669053,0.2682778641968203,2.1561245760866186,1.5815007994729466,0.7330060717591236,27,10,1.0,1.0,13,-0.00896968221344738,-0.017502180527951598,0.00040148255056382146,0.001564669915959561,-0.14652457356277054,0.15907246092461522,0.011065509772634116,0.00120254294453038,0.02066043716443211,11.0,19.0
WC 2022,64,0.12064289107125149,0.052702198272460914,0.20544308126039387,9.0,209,1155,791,0.24052261276730216,0.2782225740271779,2.1615927525545136,0.9839463960518272,0.42266204695670484,3,3,3.0,12.0,139,0.007157817080393523,-0.019086466230407318,0.0633916707073023,-0.15175007542720204,-0.36365541909556,-0.01896717044262953,0.038542422341603814,0.016128635896283133,0.05847505715311121,3.0,29.0
