,passer,team,passes,matches,bonus_opp,ci_low,ci_high,bonus_near,near_ci_low,near_ci_high,exp_near
1,Theo Bernard François Hernández,France,160,6,0.18352285995304718,0.08583178860940903,0.2424382260918425,0.23424577196847257,0.10901909647696145,0.3129397013603663,4.304733065921499
2,Bernardo Mota Veiga de Carvalho e Silva,Portugal,182,5,0.18105845093367742,0.15148743954447505,0.2501794691625679,0.3241601926192251,0.2411473014353007,0.4254621772883259,4.364316443692415
3,Aymeric Laporte,Spain,298,3,0.11687159977760665,0.02420840153441148,0.215768827083481,0.17281869851350962,-0.03585605832925937,0.3567085370265654,4.60098053202798
4,Rúben Santos Gato Alves Dias,Portugal,170,4,0.09997896271679439,0.06968260999111714,0.13804480764659766,0.186743711316194,0.09609201284418196,0.2423209973525435,4.6280762358296
5,Jan Vertonghen,Belgium,152,3,0.09367839648775694,-0.023985456168609136,0.1289207924638504,0.19525894075558237,-0.05537339603866816,0.2730255784833252,4.669269961529249
6,Antonio Rüdiger,Germany,171,3,0.07782799020443311,-0.09914420996206912,0.1812525749731437,0.16920717238997907,-0.20757725444784403,0.3718806410725111,4.605440879636655
7,Tyler Adams,United States,154,4,0.07758734651592565,0.022962844146742704,0.18944288914342214,0.03937168997088049,-0.09612669105982118,0.2556169446946135,4.445413466866247
8,Toby Alderweireld,Belgium,160,3,0.07372482921330559,0.010672081275931155,0.15618786932581485,0.1535704180821826,0.08174118363405619,0.23730057052189624,4.656719373344148
9,Rúben Diogo Da Silva Neves,Portugal,158,5,0.07067871309415942,0.039370091567029274,0.11952663926079861,0.10426942878168116,0.02343439087753333,0.19909271179973562,4.546061118733794
10,Marcos Aoás Corrêa,Brazil,250,5,0.07007229768757983,-0.0008421808316311509,0.12769660070332517,0.07204147894313183,-0.09698419274951467,0.18059364268146952,4.583999938029407
11,Andreas Christensen,Denmark,151,3,0.0674101299278262,0.03709031911570728,0.10235752639355258,0.1910182310020811,0.11533787997455372,0.25444395298312944,4.626219896594951
12,Kléper Laveran Lima Ferreira,Portugal,164,4,0.06636086136100981,0.009173241053208487,0.11877504416371837,0.045201681642505306,-0.11020008596450434,0.16384174078334063,4.550310074187732
13,Rodrigo Hernández Cascante,Spain,473,4,0.06457305671264275,0.03524981966953996,0.09291103987581831,0.13695815714635323,0.10358858872274565,0.16409372586170234,4.559431147583377
14,Jordi Alba Ramos,Spain,220,4,0.06350140622325445,-0.08446277221863588,0.1822658820515819,0.08319513807751823,-0.21233505372833986,0.262868378308467,4.416241449403484
15,Declan Rice,England,189,5,0.057336658751539225,-0.04068060910384397,0.14512056468380027,0.03786901735978372,-0.1793430833821647,0.19837999778457374,4.505341054247413
16,Tim Ream,United States,167,4,0.056813848631434134,0.01705822417966563,0.09890936648209461,0.10238059088115241,-0.04962638789703622,0.2113595650927904,4.66677776201706
17,Raphaël Varane,France,159,6,0.0544749748844169,-0.015130757256522371,0.10421286495304448,0.054190624124690875,-0.1394752378006749,0.15932688664854733,4.617310624862847
18,Virgil van Dijk,Netherlands,213,5,0.05324914906207353,0.01638509113062556,0.0990248408063887,0.08943627298544157,-0.014028448927201734,0.18871939902672424,4.629380540435359
19,Dayotchanculle Upamecano,France,200,5,0.05074902851403168,0.006168985837377813,0.07069880320857465,0.09355461537352298,-0.001682092400308954,0.15144124009235893,4.595127804732919
20,Pedro González López,Spain,249,4,0.050071514657030136,0.007889677503317044,0.09197342426228801,0.04323628233660633,-0.05335301596065842,0.19459270853438201,4.367121304250129
21,Adrien Rabiot,France,155,6,0.04563400604373293,-0.07932108425693363,0.1601176929866153,0.09071512786796114,-0.08029137530103812,0.268296437526003,4.414750995677451
22,Nicolás Hernán Otamendi,Argentina,339,7,0.043042928859332606,-0.01519954763419592,0.09866892818773652,0.07800000225885392,-0.07700357578563324,0.22350796647713495,4.588230370716454
23,Alexis Mac Allister,Argentina,176,6,0.03937241181140269,-0.07306980758698968,0.12205112993426913,0.07289003417212689,-0.05801795177570291,0.21010585967888426,4.2578584841362925
24,Thiago Emiliano da Silva,Brazil,229,4,0.036775195780422,-0.040621372439578946,0.09410016527948553,0.01334455322453583,-0.1562039479714361,0.14584418709143795,4.554391203912357
25,Harry Maguire,England,205,5,0.03527032844428795,0.002648181422519529,0.06354035025774872,0.06300079996044061,-0.03466202599806657,0.15909558168067403,4.657540218902499
26,Manuel Obafemi Akanji,Switzerland,151,4,0.03274826077856835,-0.04639229641489779,0.13342613373129975,-0.012001891745079239,-0.21318305774543528,0.19708701635969197,4.5830879456858336
27,Lionel Andrés Messi Cuccittini,Argentina,206,7,0.0318712231196641,-0.07678305980416257,0.11433360711231673,0.24096382596792804,0.0979913653804757,0.352271184710755,4.094757231817085
28,Jurriën David Norman Timber,Netherlands,177,4,0.02079010035724354,-0.00892258570829102,0.05896444677214895,-0.0018363520935512502,-0.06313795225746793,0.13045909308688183,4.558765224322009
29,Jude Bellingham,England,154,5,0.018485728861093953,-0.038714706993043684,0.04213586317194637,0.1336486227422855,0.021884976424443994,0.18256666982614309,4.411898387554369
30,Dejan Lovren,Croatia,258,6,0.010392811808786654,-0.0698340399882447,0.07465834876177287,0.05924929628846661,-0.08178236918070213,0.15130277911770007,4.6278285253491935
31,Enzo Fernandez,Argentina,288,7,0.009613869161322277,-0.038572795362637025,0.05181295698927376,0.09388409595666175,0.02417608204749823,0.1438991549226994,4.480192177573247
32,Josip Juranović,Croatia,188,6,-0.0006258958038034769,-0.08079628407724224,0.06993027267139333,-0.13234015255851447,-0.3647933407592407,0.038419928814854266,4.269725073577892
33,Rodrigo Javier De Paul,Argentina,315,7,-0.0013501665265352298,-0.07687504184234528,0.045234473604752266,0.055551127505673356,-0.08213626065493992,0.16269992208648607,4.413374550141157
34,Joško Gvardiol,Croatia,317,7,-0.005171072779242634,-0.05062745176655091,0.03916592601706123,-0.04214642592700183,-0.0971465235845984,0.004073470158664308,4.605304626661509
35,Sergio Busquets i Burgos,Spain,178,4,-0.007291581227162205,-0.09799767082189005,0.07342696410153796,0.02964886897366387,-0.11893233175398389,0.11535194947414863,4.389247077206484
36,Cristian Gabriel Romero,Argentina,237,7,-0.011908767599505517,-0.14200956128430192,0.1109829586760969,-0.033730355700139,-0.27565024827859946,0.16558279097777334,4.6113363218215655
37,Marcelo Brozović,Croatia,289,6,-0.016377664789978232,-0.05708736780104424,0.030613514577884245,0.025595791310467138,-0.06225817743388531,0.1122002247318488,4.481440334335739
38,Mateo Kovačić,Croatia,290,7,-0.019109806853011727,-0.12198427215192616,0.10535313184758759,-0.02679119148267215,-0.22408520276451824,0.20790032022650776,4.390660310469353
39,Aurélien Djani Tchouaméni,France,280,7,-0.0245479562115443,-0.09689109724028559,0.0396957326944494,0.016913764640989155,-0.07402728836862328,0.09028705485553304,4.488816071798524
40,Frenkie de Jong,Netherlands,239,5,-0.028649061787595385,-0.09156016563245789,0.038712672760337255,-0.06391690789278534,-0.1661892128938994,0.028251931369615717,4.5099137097565745
41,Niklas Süle,Germany,157,3,-0.028926794153208906,-0.20387252179213028,0.1330884390652336,-0.06520234664596491,-0.3115772590498712,0.16258732010423899,4.503835455289434
42,Carlos Henrique Casimiro,Brazil,152,4,-0.03697165223007999,-0.09156125648345258,0.013576516006348602,0.051266623399363276,-0.007842525228846283,0.12086606203036294,4.359020065218625
43,John Stones,England,308,5,-0.039142699902883646,-0.08864443533817777,0.0016179135939113484,-0.0841842682899428,-0.19062929996379738,-0.010684018076728585,4.609595456072006
44,Antoine Griezmann,France,157,7,-0.04313225274438081,-0.15394905001898082,0.042217809840250996,0.1346399852853365,0.02597513430326727,0.23303355179672716,4.073338816460633
45,Luka Modrić,Croatia,283,7,-0.04480901195641562,-0.10302163457791096,0.0011224911385464777,-0.025138926278296805,-0.13578390758236306,0.0628100038875828,4.3692477851628535
46,Leandro Daniel Paredes,Argentina,182,5,-0.05116638400592774,-0.16461653450979005,0.008973788313480304,-0.07852971373928952,-0.45250192610580536,0.12712138385455435,4.458133206641724
47,Nathan Aké,Netherlands,183,5,-0.06077186806171066,-0.1242414739547082,-0.005832495944728137,-0.1041708877827287,-0.30269508409266443,0.016982265181738912,4.604091831359358
48,Luke Shaw,England,217,5,-0.0894766134933856,-0.193658283666186,-0.01084594345160647,-0.23445213343034488,-0.33225050715600046,-0.12067795569446,4.406114869303131
49,Nahuel Molina Lucero,Argentina,161,7,-0.10241644175227355,-0.23343032763269514,0.022970768387074247,-0.11419812597997898,-0.4060220170988173,0.07071991815431461,4.3591501773807115
50,Sofyan Amrabat,Morocco,184,7,-0.10563523593333886,-0.22776725111955032,-0.020458297076203176,-0.0910289124211999,-0.3185899296650553,0.06519923029602953,4.577107206798887
51,Azzedine Ounahi,Morocco,150,7,-0.1219667969765465,-0.22518086864568745,0.008619584746915817,-0.2166843164794776,-0.3248958692520258,-0.07966320706096246,4.394350802309764
52,Daley Blind,Netherlands,172,5,-0.1405983951733711,-0.21144969827543608,-0.018399006306165176,-0.3215739975923511,-0.4150815319142113,-0.14924193020578239,4.33938663391896
53,Achraf Hakimi Mouh,Morocco,179,7,-0.23943887352782123,-0.3472955774456007,-0.13218518433037285,-0.3274210492580647,-0.5101173151537226,-0.1445361784899137,4.265717706958389
